,episode,make_span,reward,min_make_span
0,0.0,83.0,-66.39999999999998,83.0
1,0.0,91.0,-72.80000000000003,83.0
2,0.0,81.0,-64.80000000000001,81.0
3,0.0,86.0,-68.8,81.0
4,0.0,83.0,-66.40000000000002,81.0
5,0.0,77.0,-61.59999999999999,77.0
6,0.0,79.0,-63.199999999999996,77.0
7,0.0,91.0,-72.80000000000001,77.0
8,0.0,85.0,-68.0,77.0
