,episode,make_span,reward,min_make_span
0,0.0,72.0,-47.99999999999999,72.0
1,0.0,79.0,-52.666666666666664,72.0
2,0.0,80.0,-53.33333333333333,72.0
3,0.0,75.0,-50.00000000000001,72.0
4,0.0,78.0,-52.00000000000001,72.0
5,0.0,86.0,-57.33333333333334,72.0
6,0.0,80.0,-53.33333333333333,72.0
7,0.0,79.0,-52.666666666666686,72.0
8,0.0,83.0,-55.33333333333332,72.0
