,episode,make_span,reward,min_make_span
0,0.0,77.0,-47.38461538461537,77.0
1,0.0,84.0,-51.69230769230768,77.0
2,0.0,85.0,-52.30769230769229,77.0
3,0.0,86.0,-52.923076923076906,77.0
4,0.0,77.0,-47.38461538461538,77.0
5,0.0,75.0,-46.153846153846146,75.0
6,0.0,81.0,-49.846153846153854,75.0
7,0.0,79.0,-48.61538461538459,75.0
8,0.0,83.0,-51.07692307692307,75.0
