,episode,make_span,reward,min_make_span
0,0.0,75.0,-60.00000000000001,75.0
1,0.0,82.0,-65.6,75.0
2,0.0,81.0,-64.80000000000001,75.0
3,0.0,78.0,-62.40000000000002,75.0
4,0.0,84.0,-67.19999999999999,75.0
5,0.0,76.0,-60.80000000000003,75.0
6,0.0,80.0,-64.0,75.0
7,0.0,86.0,-68.80000000000001,75.0
8,0.0,81.0,-64.80000000000003,75.0
