,episode,make_span,reward,min_make_span
0,0.0,84.0,-67.2,84.0
1,0.0,73.0,-58.400000000000006,73.0
2,0.0,91.0,-72.80000000000001,73.0
3,0.0,73.0,-58.40000000000001,73.0
4,0.0,76.0,-60.800000000000026,73.0
5,0.0,75.0,-60.0,73.0
6,0.0,83.0,-66.4,73.0
7,0.0,80.0,-64.00000000000001,73.0
8,0.0,80.0,-63.99999999999999,73.0
