,episode,make_span,reward,min_make_span
0,0.0,88.0,-54.15384615384615,88.0
1,0.0,76.0,-46.76923076923078,76.0
2,0.0,87.0,-53.53846153846153,76.0
3,0.0,87.0,-53.53846153846155,76.0
4,0.0,96.0,-59.07692307692309,76.0
5,0.0,78.0,-48.000000000000014,76.0
6,0.0,80.0,-49.23076923076923,76.0
7,0.0,84.0,-51.6923076923077,76.0
8,0.0,88.0,-54.15384615384617,76.0
