,episode,make_span,reward,min_make_span
0,0.0,83.0,-73.77777777777777,83.0
1,0.0,77.0,-68.44444444444446,77.0
2,0.0,84.0,-74.66666666666667,77.0
3,0.0,80.0,-71.1111111111111,77.0
4,0.0,89.0,-79.11111111111114,77.0
5,0.0,74.0,-65.77777777777777,74.0
6,0.0,75.0,-66.6666666666667,74.0
7,0.0,80.0,-71.11111111111113,74.0
8,0.0,76.0,-67.55555555555554,74.0
