,episode,make_span,reward,min_make_span
0,0.0,87.0,-58.000000000000014,87.0
1,0.0,85.0,-56.66666666666668,85.0
2,0.0,91.0,-60.66666666666667,85.0
3,0.0,101.0,-67.33333333333333,85.0
4,0.0,86.0,-57.333333333333336,85.0
5,0.0,80.0,-53.33333333333333,80.0
6,0.0,90.0,-60.00000000000002,80.0
7,0.0,83.0,-55.33333333333336,80.0
8,0.0,81.0,-54.000000000000014,80.0
