,episode,make_span,reward,min_make_span
0,0.0,82.0,-59.63636363636362,82.0
1,0.0,85.0,-61.81818181818181,82.0
2,0.0,78.0,-56.72727272727272,78.0
3,0.0,80.0,-58.18181818181819,78.0
4,0.0,85.0,-61.81818181818181,78.0
5,0.0,78.0,-56.727272727272705,78.0
6,0.0,81.0,-58.9090909090909,78.0
7,0.0,79.0,-57.45454545454545,78.0
8,0.0,86.0,-62.545454545454504,78.0
