,episode,make_span,reward,min_make_span
0,0.0,102.0,-102.00000000000006,102.0
1,0.0,98.0,-98.00000000000003,98.0
2,0.0,112.0,-111.99999999999997,98.0
3,0.0,104.0,-103.99999999999999,98.0
4,0.0,106.0,-106.00000000000003,98.0
5,0.0,108.0,-108.0,98.0
6,0.0,113.0,-113.00000000000007,98.0
7,0.0,103.0,-102.99999999999999,98.0
8,0.0,101.0,-101.00000000000007,98.0
