,episode,make_span,reward,min_make_span
0,0.0,105.0,-131.25,105.0
1,0.0,91.0,-113.75000000000004,91.0
2,0.0,102.0,-127.50000000000009,91.0
3,0.0,95.0,-118.74999999999996,91.0
4,0.0,103.0,-128.74999999999997,91.0
5,0.0,108.0,-135.0,91.0
6,0.0,102.0,-127.50000000000003,91.0
7,0.0,100.0,-125.0,91.0
8,0.0,95.0,-118.75000000000001,91.0
