,episode,make_span,reward,min_make_span
0,0.0,102.0,-127.49999999999999,102.0
1,0.0,97.0,-121.24999999999999,97.0
2,0.0,94.0,-117.50000000000004,94.0
3,0.0,98.0,-122.50000000000003,94.0
4,0.0,101.0,-126.24999999999999,94.0
5,0.0,102.0,-127.50000000000004,94.0
6,0.0,96.0,-119.99999999999997,94.0
7,0.0,88.0,-110.0,88.0
8,0.0,100.0,-125.00000000000007,88.0
