,episode,make_span,reward,min_make_span
0,0.0,99.0,-135.00000000000003,99.0
1,0.0,107.0,-145.90909090909088,99.0
2,0.0,89.0,-121.36363636363639,89.0
3,0.0,102.0,-139.0909090909091,89.0
4,0.0,116.0,-158.1818181818182,89.0
5,0.0,101.0,-137.72727272727278,89.0
6,0.0,103.0,-140.4545454545455,89.0
7,0.0,103.0,-140.45454545454544,89.0
8,0.0,95.0,-129.54545454545456,89.0
