,episode,make_span,reward,min_make_span
0,0.0,110.0,-126.92307692307695,110.0
1,0.0,96.0,-110.76923076923089,96.0
2,0.0,106.0,-122.30769230769234,96.0
3,0.0,92.0,-106.15384615384619,92.0
4,0.0,100.0,-115.38461538461544,92.0
5,0.0,99.0,-114.23076923076928,92.0
6,0.0,98.0,-113.0769230769231,92.0
7,0.0,99.0,-114.23076923076933,92.0
8,0.0,95.0,-109.61538461538466,92.0
