,episode,make_span,reward,min_make_span
0,0.0,95.0,-129.54545454545453,95.0
1,0.0,97.0,-132.27272727272725,95.0
2,0.0,107.0,-145.90909090909093,95.0
3,0.0,106.0,-144.54545454545456,95.0
4,0.0,97.0,-132.2727272727273,95.0
5,0.0,98.0,-133.63636363636363,95.0
6,0.0,90.0,-122.72727272727276,90.0
7,0.0,96.0,-130.90909090909096,90.0
8,0.0,101.0,-137.7272727272728,90.0
