,episode,make_span,reward,min_make_span
0,0.0,103.0,-103.00000000000004,103.0
1,0.0,98.0,-98.00000000000004,98.0
2,0.0,88.0,-88.00000000000001,88.0
3,0.0,108.0,-108.00000000000003,88.0
4,0.0,103.0,-103.00000000000003,88.0
5,0.0,99.0,-98.99999999999999,88.0
6,0.0,106.0,-106.00000000000004,88.0
7,0.0,104.0,-104.00000000000003,88.0
8,0.0,93.0,-93.00000000000001,88.0
