,episode,make_span,reward,min_make_span
0,0.0,95.0,-142.5,95.0
1,0.0,110.0,-164.99999999999991,95.0
2,0.0,103.0,-154.50000000000009,95.0
3,0.0,101.0,-151.50000000000006,95.0
4,0.0,94.0,-140.99999999999994,94.0
5,0.0,99.0,-148.49999999999997,94.0
6,0.0,104.0,-156.00000000000006,94.0
7,0.0,107.0,-160.5,94.0
8,0.0,102.0,-152.99999999999997,94.0
