,episode,make_span,reward,min_make_span
0,0.0,103.0,-140.45454545454558,103.0
1,0.0,99.0,-134.99999999999997,99.0
2,0.0,116.0,-158.1818181818182,99.0
3,0.0,91.0,-124.09090909090911,91.0
4,0.0,103.0,-140.45454545454538,91.0
5,0.0,102.0,-139.09090909090918,91.0
6,0.0,107.0,-145.9090909090909,91.0
7,0.0,91.0,-124.09090909090915,91.0
8,0.0,109.0,-148.63636363636365,91.0
