,episode,make_span,reward,min_make_span
0,0.0,115.0,-115.00000000000003,115.0
1,0.0,102.0,-102.0,102.0
2,0.0,107.0,-107.0,102.0
3,0.0,106.0,-105.99999999999997,102.0
4,0.0,97.0,-96.99999999999996,97.0
5,0.0,111.0,-110.99999999999999,97.0
6,0.0,104.0,-104.00000000000003,97.0
7,0.0,107.0,-107.0,97.0
8,0.0,110.0,-110.00000000000006,97.0
