,episode,make_span,reward,min_make_span
0,0.0,218.0,-49.54545454545454,218.0
1,0.0,209.0,-47.5,209.0
2,0.0,235.0,-53.409090909090914,209.0
3,0.0,225.0,-51.13636363636363,209.0
4,0.0,212.0,-48.18181818181817,209.0
5,0.0,196.0,-44.545454545454554,196.0
6,0.0,206.0,-46.81818181818183,196.0
7,0.0,210.0,-47.72727272727275,196.0
8,0.0,225.0,-51.136363636363626,196.0
