,episode,make_span,reward,min_make_span
0,0.0,217.0,-47.17391304347823,217.0
1,0.0,214.0,-46.521739130434774,214.0
2,0.0,218.0,-47.39130434782607,214.0
3,0.0,208.0,-45.217391304347814,208.0
4,0.0,198.0,-43.04347826086955,198.0
5,0.0,211.0,-45.86956521739127,198.0
6,0.0,225.0,-48.91304347826085,198.0
7,0.0,212.0,-46.086956521739125,198.0
8,0.0,215.0,-46.73913043478259,198.0
