,episode,make_span,reward,min_make_span
0,0.0,221.0,-50.227272727272734,221.0
1,0.0,218.0,-49.54545454545453,218.0
2,0.0,216.0,-49.09090909090907,216.0
3,0.0,214.0,-48.63636363636364,214.0
4,0.0,205.0,-46.59090909090911,205.0
5,0.0,229.0,-52.04545454545453,205.0
6,0.0,211.0,-47.95454545454547,205.0
7,0.0,218.0,-49.54545454545453,205.0
8,0.0,222.0,-50.45454545454546,205.0
