,episode,make_span,reward,min_make_span
0,0.0,244.0,-39.35483870967743,244.0
1,0.0,251.0,-40.483870967741964,244.0
2,0.0,240.0,-38.70967741935486,240.0
3,0.0,232.0,-37.419354838709694,232.0
4,0.0,209.0,-33.70967741935486,209.0
5,0.0,229.0,-36.93548387096775,209.0
6,0.0,212.0,-34.1935483870968,209.0
7,0.0,214.0,-34.51612903225809,209.0
8,0.0,217.0,-35.000000000000014,209.0
