,episode,make_span,reward,min_make_span
0,0.0,211.0,-47.95454545454546,211.0
1,0.0,203.0,-46.13636363636365,203.0
2,0.0,221.0,-50.22727272727275,203.0
3,0.0,224.0,-50.909090909090914,203.0
4,0.0,205.0,-46.59090909090909,203.0
5,0.0,193.0,-43.863636363636346,193.0
6,0.0,216.0,-49.0909090909091,193.0
7,0.0,201.0,-45.68181818181818,193.0
8,0.0,216.0,-49.0909090909091,193.0
