,episode,make_span,reward,min_make_span
0,0.0,227.0,-42.03703703703705,227.0
1,0.0,209.0,-38.703703703703724,209.0
2,0.0,218.0,-40.370370370370374,209.0
3,0.0,202.0,-37.40740740740744,202.0
4,0.0,212.0,-39.25925925925927,202.0
5,0.0,213.0,-39.444444444444464,202.0
6,0.0,238.0,-44.074074074074105,202.0
7,0.0,218.0,-40.370370370370374,202.0
8,0.0,215.0,-39.81481481481483,202.0
