,episode,make_span,reward,min_make_span
0,0.0,230.0,-38.33333333333334,230.0
1,0.0,222.0,-36.99999999999999,222.0
2,0.0,207.0,-34.50000000000002,207.0
3,0.0,202.0,-33.666666666666664,202.0
4,0.0,227.0,-37.83333333333333,202.0
5,0.0,212.0,-35.33333333333334,202.0
6,0.0,207.0,-34.5,202.0
7,0.0,217.0,-36.166666666666664,202.0
8,0.0,226.0,-37.666666666666686,202.0
