,episode,make_span,reward,min_make_span
0,0.0,200.0,-43.47826086956519,200.0
1,0.0,212.0,-46.08695652173912,200.0
2,0.0,209.0,-45.43478260869564,200.0
3,0.0,211.0,-45.869565217391305,200.0
4,0.0,214.0,-46.52173913043479,200.0
5,0.0,217.0,-47.17391304347824,200.0
6,0.0,228.0,-49.565217391304344,200.0
7,0.0,218.0,-47.39130434782607,200.0
8,0.0,213.0,-46.30434782608693,200.0
