,episode,make_span,reward,min_make_span
0,0.0,217.0,-41.73076923076925,217.0
1,0.0,202.0,-38.846153846153854,202.0
2,0.0,214.0,-41.15384615384617,202.0
3,0.0,192.0,-36.92307692307692,192.0
4,0.0,207.0,-39.80769230769233,192.0
5,0.0,184.0,-35.384615384615394,184.0
6,0.0,209.0,-40.1923076923077,184.0
7,0.0,223.0,-42.884615384615365,184.0
8,0.0,220.0,-42.30769230769232,184.0
