,episode,make_span,reward,min_make_span
0,0.0,203.0,-40.59999999999999,203.0
1,0.0,214.0,-42.800000000000004,203.0
2,0.0,210.0,-41.999999999999986,203.0
3,0.0,212.0,-42.400000000000006,203.0
4,0.0,221.0,-44.2,203.0
5,0.0,203.0,-40.59999999999999,203.0
6,0.0,225.0,-44.99999999999999,203.0
7,0.0,200.0,-39.999999999999986,200.0
8,0.0,201.0,-40.19999999999999,200.0
