,episode,make_span,reward,min_make_span
0,0.0,211.0,-47.95454545454547,211.0
1,0.0,217.0,-49.31818181818184,211.0
2,0.0,221.0,-50.22727272727272,211.0
3,0.0,214.0,-48.636363636363654,211.0
4,0.0,223.0,-50.68181818181819,211.0
5,0.0,225.0,-51.13636363636366,211.0
6,0.0,220.0,-49.99999999999999,211.0
7,0.0,228.0,-51.81818181818182,211.0
8,0.0,211.0,-47.954545454545446,211.0
