,episode,make_span,reward,min_make_span
0,0.0,223.0,-39.821428571428555,223.0
1,0.0,203.0,-36.25,203.0
2,0.0,232.0,-41.42857142857143,203.0
3,0.0,199.0,-35.5357142857143,199.0
4,0.0,212.0,-37.857142857142854,199.0
5,0.0,203.0,-36.250000000000014,199.0
6,0.0,223.0,-39.82142857142858,199.0
7,0.0,201.0,-35.89285714285715,199.0
8,0.0,199.0,-35.5357142857143,199.0
