,episode,make_span,reward,min_make_span
0,0.0,287.0,-159.44444444444437,287.0
1,0.0,272.0,-151.11111111111114,272.0
2,0.0,284.0,-157.77777777777777,272.0
3,0.0,285.0,-158.33333333333337,272.0
4,0.0,287.0,-159.44444444444446,272.0
5,0.0,279.0,-155.00000000000006,272.0
6,0.0,282.0,-156.6666666666667,272.0
7,0.0,285.0,-158.3333333333333,272.0
8,0.0,278.0,-154.44444444444454,272.0
