,episode,make_span,reward,min_make_span
0,0.0,275.0,-164.99999999999991,275.0
1,0.0,268.0,-160.80000000000004,268.0
2,0.0,279.0,-167.4,268.0
3,0.0,280.0,-167.99999999999994,268.0
4,0.0,280.0,-167.99999999999997,268.0
5,0.0,288.0,-172.8,268.0
6,0.0,277.0,-166.20000000000002,268.0
7,0.0,272.0,-163.2,268.0
8,0.0,264.0,-158.39999999999998,264.0
