,episode,make_span,reward,min_make_span
0,0.0,289.0,-180.62500000000014,289.0
1,0.0,265.0,-165.625,265.0
2,0.0,273.0,-170.62499999999994,265.0
3,0.0,281.0,-175.62500000000014,265.0
4,0.0,285.0,-178.12500000000009,265.0
5,0.0,270.0,-168.75,265.0
6,0.0,264.0,-164.99999999999994,264.0
7,0.0,274.0,-171.25000000000003,264.0
8,0.0,250.0,-156.24999999999991,250.0
