,episode,make_span,reward,min_make_span
0,0.0,288.0,-160.0,288.0
1,0.0,272.0,-151.11111111111111,272.0
2,0.0,283.0,-157.2222222222222,272.0
3,0.0,284.0,-157.77777777777771,272.0
4,0.0,269.0,-149.44444444444457,269.0
5,0.0,264.0,-146.6666666666666,264.0
6,0.0,277.0,-153.88888888888894,264.0
7,0.0,274.0,-152.22222222222226,264.0
8,0.0,263.0,-146.11111111111106,263.0
