,episode,make_span,reward,min_make_span
0,0.0,266.0,-147.77777777777783,266.0
1,0.0,270.0,-149.99999999999994,266.0
2,0.0,265.0,-147.22222222222217,265.0
3,0.0,294.0,-163.33333333333334,265.0
4,0.0,272.0,-151.11111111111111,265.0
5,0.0,273.0,-151.66666666666657,265.0
6,0.0,271.0,-150.55555555555563,265.0
7,0.0,300.0,-166.6666666666668,265.0
8,0.0,267.0,-148.3333333333333,265.0
