,episode,make_span,reward,min_make_span
0,0.0,266.0,-166.24999999999997,266.0
1,0.0,274.0,-171.25000000000003,266.0
2,0.0,265.0,-165.6249999999999,265.0
3,0.0,279.0,-174.37500000000003,265.0
4,0.0,284.0,-177.50000000000006,265.0
5,0.0,264.0,-165.00000000000006,264.0
6,0.0,259.0,-161.87499999999997,259.0
7,0.0,267.0,-166.87499999999991,259.0
8,0.0,276.0,-172.49999999999991,259.0
