,episode,make_span,reward,min_make_span
0,0.0,259.0,-194.25,259.0
1,0.0,285.0,-213.7500000000001,259.0
2,0.0,266.0,-199.49999999999997,259.0
3,0.0,265.0,-198.74999999999991,259.0
4,0.0,257.0,-192.75000000000009,257.0
5,0.0,283.0,-212.25,257.0
6,0.0,261.0,-195.75000000000003,257.0
7,0.0,263.0,-197.2500000000001,257.0
8,0.0,259.0,-194.25,257.0
