,episode,make_span,reward,min_make_span
0,0.0,273.0,-215.52631578947364,273.0
1,0.0,270.0,-213.15789473684188,270.0
2,0.0,274.0,-216.31578947368402,270.0
3,0.0,257.0,-202.89473684210512,257.0
4,0.0,261.0,-206.0526315789474,257.0
5,0.0,278.0,-219.47368421052613,257.0
6,0.0,268.0,-211.57894736842093,257.0
7,0.0,307.0,-242.3684210526313,257.0
8,0.0,269.0,-212.36842105263153,257.0
