,episode,make_span,reward,min_make_span
0,0.0,265.0,-198.75000000000003,265.0
1,0.0,277.0,-207.75000000000006,265.0
2,0.0,266.0,-199.49999999999997,265.0
3,0.0,267.0,-200.25000000000006,265.0
4,0.0,261.0,-195.75000000000003,261.0
5,0.0,279.0,-209.25000000000009,261.0
6,0.0,276.0,-207.0,261.0
7,0.0,279.0,-209.24999999999997,261.0
8,0.0,263.0,-197.25000000000009,261.0
