,episode,make_span,reward,min_make_span
0,0.0,264.0,-172.17391304347825,264.0
1,0.0,262.0,-170.86956521739134,262.0
2,0.0,264.0,-172.17391304347822,262.0
3,0.0,272.0,-177.39130434782606,262.0
4,0.0,264.0,-172.17391304347828,262.0
5,0.0,259.0,-168.91304347826087,259.0
6,0.0,263.0,-171.52173913043484,259.0
7,0.0,262.0,-170.86956521739143,259.0
8,0.0,286.0,-186.52173913043487,259.0
